<font>
	<info face="f9x15" size="15"/>
	<common lineHeight="22"/>
	<chars>
		<char id="32" x="0" y="0" width="0" height="0" xoffset="0" yoffset="0" xadvance="7" letter=" "/>
		<char id="33" x="11" y="0" width="6" height="22" xoffset="0" yoffset="0" xadvance="4" letter="!"/><char id="34" x="18" y="0" width="10" height="22" xoffset="0" yoffset="0" xadvance="8" letter="&quot;"/><char id="35" x="29" y="0" width="13" height="22" xoffset="0" yoffset="0" xadvance="11" letter="#"/><char id="36" x="43" y="0" width="14" height="22" xoffset="0" yoffset="0" xadvance="12" letter="$"/><char id="37" x="58" y="0" width="16" height="22" xoffset="0" yoffset="0" xadvance="14" letter="%"/><char id="38" x="75" y="0" width="15" height="22" xoffset="0" yoffset="0" xadvance="13" letter="&amp;"/><char id="39" x="91" y="0" width="6" height="22" xoffset="0" yoffset="0" xadvance="4" letter="'"/><char id="40" x="98" y="0" width="10" height="22" xoffset="0" yoffset="0" xadvance="8" letter="("/><char id="41" x="109" y="0" width="10" height="22" xoffset="0" yoffset="0" xadvance="8" letter=")"/><char id="42" x="120" y="0" width="15" height="22" xoffset="0" yoffset="0" xadvance="13" letter="*"/><char id="43" x="136" y="0" width="12" height="22" xoffset="0" yoffset="0" xadvance="10" letter="+"/><char id="44" x="149" y="0" width="6" height="22" xoffset="0" yoffset="0" xadvance="4" letter=","/><char id="45" x="156" y="0" width="10" height="22" xoffset="0" yoffset="0" xadvance="8" letter="-"/><char id="46" x="167" y="0" width="6" height="22" xoffset="0" yoffset="0" xadvance="4" letter="."/><char id="47" x="174" y="0" width="12" height="22" xoffset="0" yoffset="0" xadvance="10" letter="/"/><char id="48" x="187" y="0" width="13" height="22" xoffset="0" yoffset="0" xadvance="11" letter="0"/><char id="49" x="201" y="0" width="9" height="22" xoffset="0" yoffset="0" xadvance="7" letter="1"/><char id="50" x="211" y="0" width="13" height="22" xoffset="0" yoffset="0" xadvance="11" letter="2"/><char id="51" x="225" y="0" width="13" height="22" xoffset="0" yoffset="0" xadvance="11" letter="3"/><char id="52" x="239" y="0" width="13" height="22" xoffset="0" yoffset="0" xadvance="11" letter="4"/><char id="53" x="253" y="0" width="13" height="22" xoffset="0" yoffset="0" xadvance="11" letter="5"/><char id="54" x="267" y="0" width="13" height="22" xoffset="0" yoffset="0" xadvance="11" letter="6"/><char id="55" x="281" y="0" width="13" height="22" xoffset="0" yoffset="0" xadvance="11" letter="7"/><char id="56" x="295" y="0" width="13" height="22" xoffset="0" yoffset="0" xadvance="11" letter="8"/><char id="57" x="309" y="0" width="13" height="22" xoffset="0" yoffset="0" xadvance="11" letter="9"/><char id="58" x="323" y="0" width="6" height="22" xoffset="0" yoffset="0" xadvance="4" letter=":"/><char id="59" x="330" y="0" width="6" height="22" xoffset="0" yoffset="0" xadvance="4" letter=";"/><char id="60" x="337" y="0" width="12" height="22" xoffset="0" yoffset="0" xadvance="10" letter="&lt;"/><char id="61" x="350" y="0" width="10" height="22" xoffset="0" yoffset="0" xadvance="8" letter="="/><char id="62" x="361" y="0" width="12" height="22" xoffset="0" yoffset="0" xadvance="10" letter="&gt;"/><char id="63" x="374" y="0" width="12" height="22" xoffset="0" yoffset="0" xadvance="10" letter="?"/><char id="64" x="387" y="0" width="13" height="22" xoffset="0" yoffset="0" xadvance="11" letter="@"/><char id="65" x="401" y="0" width="13" height="22" xoffset="0" yoffset="0" xadvance="11" letter="A"/><char id="66" x="415" y="0" width="13" height="22" xoffset="0" yoffset="0" xadvance="11" letter="B"/><char id="67" x="429" y="0" width="13" height="22" xoffset="0" yoffset="0" xadvance="11" letter="C"/><char id="68" x="443" y="0" width="13" height="22" xoffset="0" yoffset="0" xadvance="11" letter="D"/><char id="69" x="457" y="0" width="13" height="22" xoffset="0" yoffset="0" xadvance="11" letter="E"/><char id="70" x="471" y="0" width="13" height="22" xoffset="0" yoffset="0" xadvance="11" letter="F"/><char id="71" x="485" y="0" width="13" height="22" xoffset="0" yoffset="0" xadvance="11" letter="G"/><char id="72" x="499" y="0" width="13" height="22" xoffset="0" yoffset="0" xadvance="11" letter="H"/><char id="73" x="513" y="0" width="8" height="22" xoffset="0" yoffset="0" xadvance="6" letter="I"/><char id="74" x="522" y="0" width="12" height="22" xoffset="0" yoffset="0" xadvance="10" letter="J"/><char id="75" x="535" y="0" width="13" height="22" xoffset="0" yoffset="0" xadvance="11" letter="K"/><char id="76" x="549" y="0" width="12" height="22" xoffset="0" yoffset="0" xadvance="10" letter="L"/><char id="77" x="562" y="0" width="15" height="22" xoffset="0" yoffset="0" xadvance="13" letter="M"/><char id="78" x="578" y="0" width="13" height="22" xoffset="0" yoffset="0" xadvance="11" letter="N"/><char id="79" x="592" y="0" width="13" height="22" xoffset="0" yoffset="0" xadvance="11" letter="O"/><char id="80" x="606" y="0" width="13" height="22" xoffset="0" yoffset="0" xadvance="11" letter="P"/><char id="81" x="620" y="0" width="13" height="22" xoffset="0" yoffset="0" xadvance="11" letter="Q"/><char id="82" x="634" y="0" width="13" height="22" xoffset="0" yoffset="0" xadvance="11" letter="R"/><char id="83" x="648" y="0" width="13" height="22" xoffset="0" yoffset="0" xadvance="11" letter="S"/><char id="84" x="662" y="0" width="12" height="22" xoffset="0" yoffset="0" xadvance="10" letter="T"/><char id="85" x="675" y="0" width="13" height="22" xoffset="0" yoffset="0" xadvance="11" letter="U"/><char id="86" x="689" y="0" width="13" height="22" xoffset="0" yoffset="0" xadvance="11" letter="V"/><char id="87" x="703" y="0" width="15" height="22" xoffset="0" yoffset="0" xadvance="13" letter="W"/><char id="88" x="719" y="0" width="13" height="22" xoffset="0" yoffset="0" xadvance="11" letter="X"/><char id="89" x="733" y="0" width="12" height="22" xoffset="0" yoffset="0" xadvance="10" letter="Y"/><char id="90" x="746" y="0" width="13" height="22" xoffset="0" yoffset="0" xadvance="11" letter="Z"/><char id="91" x="760" y="0" width="8" height="22" xoffset="0" yoffset="0" xadvance="6" letter="["/><char id="92" x="769" y="0" width="15" height="22" xoffset="0" yoffset="0" xadvance="13" letter="\\"/><char id="93" x="785" y="0" width="8" height="22" xoffset="0" yoffset="0" xadvance="6" letter="]"/><char id="94" x="794" y="0" width="13" height="22" xoffset="0" yoffset="0" xadvance="11" letter="^"/><char id="95" x="808" y="0" width="12" height="22" xoffset="0" yoffset="0" xadvance="10" letter="_"/><char id="96" x="821" y="0" width="8" height="22" xoffset="0" yoffset="0" xadvance="6" letter="`"/><char id="97" x="830" y="0" width="12" height="22" xoffset="0" yoffset="0" xadvance="10" letter="a"/><char id="98" x="843" y="0" width="12" height="22" xoffset="0" yoffset="0" xadvance="10" letter="b"/><char id="99" x="856" y="0" width="12" height="22" xoffset="0" yoffset="0" xadvance="10" letter="c"/><char id="100" x="869" y="0" width="12" height="22" xoffset="0" yoffset="0" xadvance="10" letter="d"/><char id="101" x="882" y="0" width="12" height="22" xoffset="0" yoffset="0" xadvance="10" letter="e"/><char id="102" x="895" y="0" width="10" height="22" xoffset="0" yoffset="0" xadvance="8" letter="f"/><char id="103" x="906" y="0" width="12" height="22" xoffset="0" yoffset="0" xadvance="10" letter="g"/><char id="104" x="919" y="0" width="12" height="22" xoffset="0" yoffset="0" xadvance="10" letter="h"/><char id="105" x="932" y="0" width="6" height="22" xoffset="0" yoffset="0" xadvance="4" letter="i"/><char id="106" x="939" y="0" width="8" height="22" xoffset="0" yoffset="0" xadvance="6" letter="j"/><char id="107" x="948" y="0" width="12" height="22" xoffset="0" yoffset="0" xadvance="10" letter="k"/><char id="108" x="961" y="0" width="8" height="22" xoffset="0" yoffset="0" xadvance="6" letter="l"/><char id="109" x="970" y="0" width="14" height="22" xoffset="0" yoffset="0" xadvance="12" letter="m"/><char id="110" x="985" y="0" width="12" height="22" xoffset="0" yoffset="0" xadvance="10" letter="n"/><char id="111" x="998" y="0" width="12" height="22" xoffset="0" yoffset="0" xadvance="10" letter="o"/><char id="112" x="1011" y="0" width="12" height="22" xoffset="0" yoffset="0" xadvance="10" letter="p"/><char id="113" x="1024" y="0" width="12" height="22" xoffset="0" yoffset="0" xadvance="10" letter="q"/><char id="114" x="1037" y="0" width="10" height="22" xoffset="0" yoffset="0" xadvance="8" letter="r"/><char id="115" x="1048" y="0" width="12" height="22" xoffset="0" yoffset="0" xadvance="10" letter="s"/><char id="116" x="1061" y="0" width="10" height="22" xoffset="0" yoffset="0" xadvance="8" letter="t"/><char id="117" x="1072" y="0" width="12" height="22" xoffset="0" yoffset="0" xadvance="10" letter="u"/><char id="118" x="1085" y="0" width="12" height="22" xoffset="0" yoffset="0" xadvance="10" letter="v"/><char id="119" x="1098" y="0" width="14" height="22" xoffset="0" yoffset="0" xadvance="12" letter="w"/><char id="120" x="1113" y="0" width="12" height="22" xoffset="0" yoffset="0" xadvance="10" letter="x"/><char id="121" x="1126" y="0" width="12" height="22" xoffset="0" yoffset="0" xadvance="10" letter="y"/><char id="122" x="1139" y="0" width="12" height="22" xoffset="0" yoffset="0" xadvance="10" letter="z"/><char id="123" x="1152" y="0" width="10" height="22" xoffset="0" yoffset="0" xadvance="8" letter="{"/><char id="124" x="1163" y="0" width="6" height="22" xoffset="0" yoffset="0" xadvance="4" letter="|"/><char id="125" x="1170" y="0" width="10" height="22" xoffset="0" yoffset="0" xadvance="8" letter="}"/><char id="126" x="1181" y="0" width="16" height="22" xoffset="0" yoffset="0" xadvance="14" letter="~"/><char id="127" x="1198" y="0" width="12" height="22" xoffset="0" yoffset="0" xadvance="10" letter=""/>"
	</chars>
</font>
