<font>
	<info face="font12" size="12"/>
	<common lineHeight="17"/>
	<chars>
		<char id="32" x="0" y="0" width="0" height="0" xoffset="0" yoffset="0" xadvance="6" letter=" "/>
		<char id="33" x="7" y="0" width="4" height="17" xoffset="0" yoffset="0" xadvance="3" letter="!"/><char id="34" x="12" y="0" width="8" height="17" xoffset="0" yoffset="0" xadvance="7" letter="&quot;"/><char id="35" x="21" y="0" width="11" height="17" xoffset="0" yoffset="0" xadvance="10" letter="#"/><char id="36" x="33" y="0" width="9" height="17" xoffset="0" yoffset="0" xadvance="8" letter="$"/><char id="37" x="43" y="0" width="11" height="17" xoffset="0" yoffset="0" xadvance="10" letter="%"/><char id="38" x="55" y="0" width="9" height="17" xoffset="0" yoffset="0" xadvance="8" letter="&amp;"/><char id="39" x="65" y="0" width="4" height="17" xoffset="0" yoffset="0" xadvance="3" letter="'"/><char id="40" x="70" y="0" width="6" height="17" xoffset="0" yoffset="0" xadvance="5" letter="("/><char id="41" x="77" y="0" width="6" height="17" xoffset="0" yoffset="0" xadvance="5" letter=")"/><char id="42" x="84" y="0" width="10" height="17" xoffset="0" yoffset="0" xadvance="9" letter="*"/><char id="43" x="95" y="0" width="10" height="17" xoffset="0" yoffset="0" xadvance="9" letter="+"/><char id="44" x="106" y="0" width="4" height="17" xoffset="0" yoffset="0" xadvance="3" letter=","/><char id="45" x="111" y="0" width="9" height="17" xoffset="0" yoffset="0" xadvance="8" letter="-"/><char id="46" x="121" y="0" width="4" height="17" xoffset="0" yoffset="0" xadvance="3" letter="."/><char id="47" x="126" y="0" width="9" height="17" xoffset="0" yoffset="0" xadvance="8" letter="/"/><char id="48" x="136" y="0" width="9" height="17" xoffset="0" yoffset="0" xadvance="8" letter="0"/><char id="49" x="146" y="0" width="6" height="17" xoffset="0" yoffset="0" xadvance="5" letter="1"/><char id="50" x="153" y="0" width="9" height="17" xoffset="0" yoffset="0" xadvance="8" letter="2"/><char id="51" x="163" y="0" width="9" height="17" xoffset="0" yoffset="0" xadvance="8" letter="3"/><char id="52" x="173" y="0" width="9" height="17" xoffset="0" yoffset="0" xadvance="8" letter="4"/><char id="53" x="183" y="0" width="9" height="17" xoffset="0" yoffset="0" xadvance="8" letter="5"/><char id="54" x="193" y="0" width="9" height="17" xoffset="0" yoffset="0" xadvance="8" letter="6"/><char id="55" x="203" y="0" width="9" height="17" xoffset="0" yoffset="0" xadvance="8" letter="7"/><char id="56" x="213" y="0" width="9" height="17" xoffset="0" yoffset="0" xadvance="8" letter="8"/><char id="57" x="223" y="0" width="9" height="17" xoffset="0" yoffset="0" xadvance="8" letter="9"/><char id="58" x="233" y="0" width="4" height="17" xoffset="0" yoffset="0" xadvance="3" letter=":"/><char id="59" x="238" y="0" width="4" height="17" xoffset="0" yoffset="0" xadvance="3" letter=";"/><char id="60" x="243" y="0" width="8" height="17" xoffset="0" yoffset="0" xadvance="7" letter="&lt;"/><char id="61" x="252" y="0" width="9" height="17" xoffset="0" yoffset="0" xadvance="8" letter="="/><char id="62" x="262" y="0" width="8" height="17" xoffset="0" yoffset="0" xadvance="7" letter="&gt;"/><char id="63" x="271" y="0" width="8" height="17" xoffset="0" yoffset="0" xadvance="7" letter="?"/><char id="64" x="280" y="0" width="9" height="17" xoffset="0" yoffset="0" xadvance="8" letter="@"/><char id="65" x="290" y="0" width="9" height="17" xoffset="0" yoffset="0" xadvance="8" letter="A"/><char id="66" x="300" y="0" width="9" height="17" xoffset="0" yoffset="0" xadvance="8" letter="B"/><char id="67" x="310" y="0" width="9" height="17" xoffset="0" yoffset="0" xadvance="8" letter="C"/><char id="68" x="320" y="0" width="9" height="17" xoffset="0" yoffset="0" xadvance="8" letter="D"/><char id="69" x="330" y="0" width="9" height="17" xoffset="0" yoffset="0" xadvance="8" letter="E"/><char id="70" x="340" y="0" width="9" height="17" xoffset="0" yoffset="0" xadvance="8" letter="F"/><char id="71" x="350" y="0" width="9" height="17" xoffset="0" yoffset="0" xadvance="8" letter="G"/><char id="72" x="360" y="0" width="9" height="17" xoffset="0" yoffset="0" xadvance="8" letter="H"/><char id="73" x="370" y="0" width="6" height="17" xoffset="0" yoffset="0" xadvance="5" letter="I"/><char id="74" x="377" y="0" width="9" height="17" xoffset="0" yoffset="0" xadvance="8" letter="J"/><char id="75" x="387" y="0" width="9" height="17" xoffset="0" yoffset="0" xadvance="8" letter="K"/><char id="76" x="397" y="0" width="9" height="17" xoffset="0" yoffset="0" xadvance="8" letter="L"/><char id="77" x="407" y="0" width="13" height="17" xoffset="0" yoffset="0" xadvance="12" letter="M"/><char id="78" x="421" y="0" width="11" height="17" xoffset="0" yoffset="0" xadvance="10" letter="N"/><char id="79" x="433" y="0" width="9" height="17" xoffset="0" yoffset="0" xadvance="8" letter="O"/><char id="80" x="443" y="0" width="9" height="17" xoffset="0" yoffset="0" xadvance="8" letter="P"/><char id="81" x="453" y="0" width="9" height="17" xoffset="0" yoffset="0" xadvance="8" letter="Q"/><char id="82" x="463" y="0" width="9" height="17" xoffset="0" yoffset="0" xadvance="8" letter="R"/><char id="83" x="473" y="0" width="9" height="17" xoffset="0" yoffset="0" xadvance="8" letter="S"/><char id="84" x="483" y="0" width="8" height="17" xoffset="0" yoffset="0" xadvance="7" letter="T"/><char id="85" x="492" y="0" width="9" height="17" xoffset="0" yoffset="0" xadvance="8" letter="U"/><char id="86" x="502" y="0" width="9" height="17" xoffset="0" yoffset="0" xadvance="8" letter="V"/><char id="87" x="512" y="0" width="13" height="17" xoffset="0" yoffset="0" xadvance="12" letter="W"/><char id="88" x="526" y="0" width="9" height="17" xoffset="0" yoffset="0" xadvance="8" letter="X"/><char id="89" x="536" y="0" width="8" height="17" xoffset="0" yoffset="0" xadvance="7" letter="Y"/><char id="90" x="545" y="0" width="9" height="17" xoffset="0" yoffset="0" xadvance="8" letter="Z"/><char id="91" x="555" y="0" width="6" height="17" xoffset="0" yoffset="0" xadvance="5" letter="["/><char id="92" x="562" y="0" width="10" height="17" xoffset="0" yoffset="0" xadvance="9" letter="\\"/><char id="93" x="573" y="0" width="6" height="17" xoffset="0" yoffset="0" xadvance="5" letter="]"/><char id="94" x="580" y="0" width="9" height="17" xoffset="0" yoffset="0" xadvance="8" letter="^"/><char id="95" x="590" y="0" width="8" height="17" xoffset="0" yoffset="0" xadvance="7" letter="_"/><char id="96" x="599" y="0" width="7" height="17" xoffset="0" yoffset="0" xadvance="6" letter="`"/><char id="97" x="607" y="0" width="8" height="17" xoffset="0" yoffset="0" xadvance="7" letter="a"/><char id="98" x="616" y="0" width="8" height="17" xoffset="0" yoffset="0" xadvance="7" letter="b"/><char id="99" x="625" y="0" width="8" height="17" xoffset="0" yoffset="0" xadvance="7" letter="c"/><char id="100" x="634" y="0" width="8" height="17" xoffset="0" yoffset="0" xadvance="7" letter="d"/><char id="101" x="643" y="0" width="8" height="17" xoffset="0" yoffset="0" xadvance="7" letter="e"/><char id="102" x="652" y="0" width="8" height="17" xoffset="0" yoffset="0" xadvance="7" letter="f"/><char id="103" x="661" y="0" width="8" height="17" xoffset="0" yoffset="0" xadvance="7" letter="g"/><char id="104" x="670" y="0" width="8" height="17" xoffset="0" yoffset="0" xadvance="7" letter="h"/><char id="105" x="679" y="0" width="4" height="17" xoffset="0" yoffset="0" xadvance="3" letter="i"/><char id="106" x="684" y="0" width="5" height="17" xoffset="0" yoffset="0" xadvance="4" letter="j"/><char id="107" x="690" y="0" width="8" height="17" xoffset="0" yoffset="0" xadvance="7" letter="k"/><char id="108" x="699" y="0" width="6" height="17" xoffset="0" yoffset="0" xadvance="5" letter="l"/><char id="109" x="706" y="0" width="12" height="17" xoffset="0" yoffset="0" xadvance="11" letter="m"/><char id="110" x="719" y="0" width="8" height="17" xoffset="0" yoffset="0" xadvance="7" letter="n"/><char id="111" x="728" y="0" width="8" height="17" xoffset="0" yoffset="0" xadvance="7" letter="o"/><char id="112" x="737" y="0" width="8" height="17" xoffset="0" yoffset="0" xadvance="7" letter="p"/><char id="113" x="746" y="0" width="8" height="17" xoffset="0" yoffset="0" xadvance="7" letter="q"/><char id="114" x="755" y="0" width="8" height="17" xoffset="0" yoffset="0" xadvance="7" letter="r"/><char id="115" x="764" y="0" width="9" height="17" xoffset="0" yoffset="0" xadvance="8" letter="s"/><char id="116" x="774" y="0" width="8" height="17" xoffset="0" yoffset="0" xadvance="7" letter="t"/><char id="117" x="783" y="0" width="8" height="17" xoffset="0" yoffset="0" xadvance="7" letter="u"/><char id="118" x="792" y="0" width="9" height="17" xoffset="0" yoffset="0" xadvance="8" letter="v"/><char id="119" x="802" y="0" width="12" height="17" xoffset="0" yoffset="0" xadvance="11" letter="w"/><char id="120" x="815" y="0" width="9" height="17" xoffset="0" yoffset="0" xadvance="8" letter="x"/><char id="121" x="825" y="0" width="8" height="17" xoffset="0" yoffset="0" xadvance="7" letter="y"/><char id="122" x="834" y="0" width="8" height="17" xoffset="0" yoffset="0" xadvance="7" letter="z"/><char id="123" x="843" y="0" width="6" height="17" xoffset="0" yoffset="0" xadvance="5" letter="{"/><char id="124" x="850" y="0" width="4" height="17" xoffset="0" yoffset="0" xadvance="3" letter="|"/><char id="125" x="855" y="0" width="6" height="17" xoffset="0" yoffset="0" xadvance="5" letter="}"/><char id="126" x="862" y="0" width="10" height="17" xoffset="0" yoffset="0" xadvance="9" letter="~"/><char id="127" x="873" y="0" width="9" height="17" xoffset="0" yoffset="0" xadvance="8" letter=""/>
	</chars>
</font>
