<font>
	<info face="f3x5" size="5"/>
	<common lineHeight="8"/>
	<chars>
		<char id="32" x="0" y="0" width="0" height="0" xoffset="0" yoffset="0" xadvance="2" letter=" "/>
		<char id="33" x="3" y="0" width="3" height="8" xoffset="0" yoffset="0" xadvance="2" letter="!"/>
		<char id="34" x="7" y="0" width="5" height="8" xoffset="0" yoffset="0" xadvance="4" letter="&quot;"/>
		<char id="35" x="13" y="0" width="5" height="8" xoffset="0" yoffset="0" xadvance="4" letter="#"/>
		<char id="36" x="19" y="0" width="5" height="8" xoffset="0" yoffset="0" xadvance="4" letter="$"/>
		<char id="37" x="25" y="0" width="5" height="8" xoffset="0" yoffset="0" xadvance="4" letter="%"/>
		<char id="38" x="31" y="0" width="5" height="8" xoffset="0" yoffset="0" xadvance="4" letter="&amp;"/>
		<char id="39" x="37" y="0" width="3" height="8" xoffset="0" yoffset="0" xadvance="2" letter="'"/>
		<char id="40" x="41" y="0" width="4" height="8" xoffset="0" yoffset="0" xadvance="3" letter="("/>
		<char id="41" x="46" y="0" width="4" height="8" xoffset="0" yoffset="0" xadvance="3" letter=")"/>
		<char id="42" x="51" y="0" width="5" height="8" xoffset="0" yoffset="0" xadvance="4" letter="*"/>
		<char id="43" x="57" y="0" width="5" height="8" xoffset="0" yoffset="0" xadvance="4" letter="+"/>
		<char id="44" x="63" y="0" width="4" height="8" xoffset="0" yoffset="0" xadvance="3" letter=","/>
		<char id="45" x="68" y="0" width="5" height="8" xoffset="0" yoffset="0" xadvance="4" letter="-"/>
		<char id="46" x="74" y="0" width="3" height="8" xoffset="0" yoffset="0" xadvance="2" letter="."/>
		<char id="47" x="78" y="0" width="4" height="8" xoffset="0" yoffset="0" xadvance="3" letter="/"/>
		<char id="48" x="83" y="0" width="5" height="8" xoffset="0" yoffset="0" xadvance="4" letter="0"/>
		<char id="49" x="89" y="0" width="4" height="8" xoffset="0" yoffset="0" xadvance="3" letter="1"/>
		<char id="50" x="94" y="0" width="5" height="8" xoffset="0" yoffset="0" xadvance="4" letter="2"/>
		<char id="51" x="100" y="0" width="5" height="8" xoffset="0" yoffset="0" xadvance="4" letter="3"/>
		<char id="52" x="106" y="0" width="5" height="8" xoffset="0" yoffset="0" xadvance="4" letter="4"/>
		<char id="53" x="112" y="0" width="5" height="8" xoffset="0" yoffset="0" xadvance="4" letter="5"/>
		<char id="54" x="118" y="0" width="5" height="8" xoffset="0" yoffset="0" xadvance="4" letter="6"/>
		<char id="55" x="124" y="0" width="5" height="8" xoffset="0" yoffset="0" xadvance="4" letter="7"/>
		<char id="56" x="130" y="0" width="5" height="8" xoffset="0" yoffset="0" xadvance="4" letter="8"/>
		<char id="57" x="136" y="0" width="5" height="8" xoffset="0" yoffset="0" xadvance="4" letter="9"/>
		<char id="58" x="142" y="0" width="3" height="8" xoffset="0" yoffset="0" xadvance="2" letter=":"/>
		<char id="59" x="146" y="0" width="4" height="8" xoffset="0" yoffset="0" xadvance="3" letter=";"/>
		<char id="60" x="151" y="0" width="5" height="8" xoffset="0" yoffset="0" xadvance="4" letter="&lt;"/>
		<char id="61" x="157" y="0" width="5" height="8" xoffset="0" yoffset="0" xadvance="4" letter="="/>
		<char id="62" x="163" y="0" width="5" height="8" xoffset="0" yoffset="0" xadvance="4" letter="&gt;"/>
		<char id="63" x="169" y="0" width="5" height="8" xoffset="0" yoffset="0" xadvance="4" letter="?"/>
		<char id="64" x="175" y="0" width="5" height="8" xoffset="0" yoffset="0" xadvance="4" letter="@"/>
		<char id="65" x="181" y="0" width="5" height="8" xoffset="0" yoffset="0" xadvance="4" letter="A"/>
		<char id="66" x="187" y="0" width="5" height="8" xoffset="0" yoffset="0" xadvance="4" letter="B"/>
		<char id="67" x="193" y="0" width="5" height="8" xoffset="0" yoffset="0" xadvance="4" letter="C"/>
		<char id="68" x="199" y="0" width="5" height="8" xoffset="0" yoffset="0" xadvance="4" letter="D"/>
		<char id="69" x="205" y="0" width="5" height="8" xoffset="0" yoffset="0" xadvance="4" letter="E"/>
		<char id="70" x="211" y="0" width="5" height="8" xoffset="0" yoffset="0" xadvance="4" letter="F"/>
		<char id="71" x="217" y="0" width="5" height="8" xoffset="0" yoffset="0" xadvance="4" letter="G"/>
		<char id="72" x="223" y="0" width="5" height="8" xoffset="0" yoffset="0" xadvance="4" letter="H"/>
		<char id="73" x="229" y="0" width="5" height="8" xoffset="0" yoffset="0" xadvance="4" letter="I"/>
		<char id="74" x="235" y="0" width="5" height="8" xoffset="0" yoffset="0" xadvance="4" letter="J"/>
		<char id="75" x="241" y="0" width="5" height="8" xoffset="0" yoffset="0" xadvance="4" letter="K"/>
		<char id="76" x="247" y="0" width="5" height="8" xoffset="0" yoffset="0" xadvance="4" letter="L"/>
		<char id="77" x="253" y="0" width="7" height="8" xoffset="0" yoffset="0" xadvance="6" letter="M"/>
		<char id="78" x="261" y="0" width="6" height="8" xoffset="0" yoffset="0" xadvance="5" letter="N"/>
		<char id="79" x="268" y="0" width="5" height="8" xoffset="0" yoffset="0" xadvance="4" letter="O"/>
		<char id="80" x="274" y="0" width="5" height="8" xoffset="0" yoffset="0" xadvance="4" letter="P"/>
		<char id="81" x="280" y="0" width="5" height="8" xoffset="0" yoffset="0" xadvance="4" letter="Q"/>
		<char id="82" x="286" y="0" width="5" height="8" xoffset="0" yoffset="0" xadvance="4" letter="R"/>
		<char id="83" x="292" y="0" width="5" height="8" xoffset="0" yoffset="0" xadvance="4" letter="S"/>
		<char id="84" x="298" y="0" width="5" height="8" xoffset="0" yoffset="0" xadvance="4" letter="T"/>
		<char id="85" x="304" y="0" width="5" height="8" xoffset="0" yoffset="0" xadvance="4" letter="U"/>
		<char id="86" x="310" y="0" width="5" height="8" xoffset="0" yoffset="0" xadvance="4" letter="V"/>
		<char id="87" x="316" y="0" width="7" height="8" xoffset="0" yoffset="0" xadvance="6" letter="W"/>
		<char id="88" x="324" y="0" width="5" height="8" xoffset="0" yoffset="0" xadvance="4" letter="X"/>
		<char id="89" x="330" y="0" width="5" height="8" xoffset="0" yoffset="0" xadvance="4" letter="Y"/>
		<char id="90" x="336" y="0" width="5" height="8" xoffset="0" yoffset="0" xadvance="4" letter="Z"/>
		<char id="91" x="342" y="0" width="4" height="8" xoffset="0" yoffset="0" xadvance="3" letter="["/>
		<char id="92" x="347" y="0" width="5" height="8" xoffset="0" yoffset="0" xadvance="4" letter="\"/>
		<char id="93" x="353" y="0" width="4" height="8" xoffset="0" yoffset="0" xadvance="3" letter="]"/>
		<char id="94" x="358" y="0" width="5" height="8" xoffset="0" yoffset="0" xadvance="4" letter="^"/>
		<char id="95" x="364" y="0" width="5" height="8" xoffset="0" yoffset="0" xadvance="4" letter="_"/>
		<char id="96" x="370" y="0" width="4" height="8" xoffset="0" yoffset="0" xadvance="3" letter="`"/>
		<char id="97" x="375" y="0" width="5" height="8" xoffset="0" yoffset="0" xadvance="4" letter="a"/>
		<char id="98" x="381" y="0" width="5" height="8" xoffset="0" yoffset="0" xadvance="4" letter="b"/>
		<char id="99" x="387" y="0" width="5" height="8" xoffset="0" yoffset="0" xadvance="4" letter="c"/>
		<char id="100" x="393" y="0" width="5" height="8" xoffset="0" yoffset="0" xadvance="4" letter="d"/>
		<char id="101" x="399" y="0" width="5" height="8" xoffset="0" yoffset="0" xadvance="4" letter="e"/>
		<char id="102" x="405" y="0" width="5" height="8" xoffset="0" yoffset="0" xadvance="4" letter="f"/>
		<char id="103" x="411" y="0" width="5" height="8" xoffset="0" yoffset="0" xadvance="4" letter="g"/>
		<char id="104" x="417" y="0" width="5" height="8" xoffset="0" yoffset="0" xadvance="4" letter="h"/>
		<char id="105" x="423" y="0" width="3" height="8" xoffset="0" yoffset="0" xadvance="2" letter="i"/>
		<char id="106" x="427" y="0" width="4" height="8" xoffset="0" yoffset="0" xadvance="3" letter="j"/>
		<char id="107" x="432" y="0" width="5" height="8" xoffset="0" yoffset="0" xadvance="4" letter="k"/>
		<char id="108" x="438" y="0" width="5" height="8" xoffset="0" yoffset="0" xadvance="4" letter="l"/>
		<char id="109" x="444" y="0" width="7" height="8" xoffset="0" yoffset="0" xadvance="6" letter="m"/>
		<char id="110" x="452" y="0" width="5" height="8" xoffset="0" yoffset="0" xadvance="4" letter="n"/>
		<char id="111" x="458" y="0" width="5" height="8" xoffset="0" yoffset="0" xadvance="4" letter="o"/>
		<char id="112" x="464" y="0" width="5" height="8" xoffset="0" yoffset="0" xadvance="4" letter="p"/>
		<char id="113" x="470" y="0" width="5" height="8" xoffset="0" yoffset="0" xadvance="4" letter="q"/>
		<char id="114" x="476" y="0" width="5" height="8" xoffset="0" yoffset="0" xadvance="4" letter="r"/>
		<char id="115" x="482" y="0" width="5" height="8" xoffset="0" yoffset="0" xadvance="4" letter="s"/>
		<char id="116" x="488" y="0" width="5" height="8" xoffset="0" yoffset="0" xadvance="4" letter="t"/>
		<char id="117" x="494" y="0" width="5" height="8" xoffset="0" yoffset="0" xadvance="4" letter="u"/>
		<char id="118" x="500" y="0" width="5" height="8" xoffset="0" yoffset="0" xadvance="4" letter="v"/>
		<char id="119" x="506" y="0" width="7" height="8" xoffset="0" yoffset="0" xadvance="6" letter="w"/>
		<char id="120" x="514" y="0" width="5" height="8" xoffset="0" yoffset="0" xadvance="4" letter="x"/>
		<char id="121" x="520" y="0" width="5" height="8" xoffset="0" yoffset="0" xadvance="4" letter="y"/>
		<char id="122" x="526" y="0" width="5" height="8" xoffset="0" yoffset="0" xadvance="4" letter="z"/>
		<char id="123" x="532" y="0" width="5" height="8" xoffset="0" yoffset="0" xadvance="4" letter="{"/>
		<char id="124" x="538" y="0" width="3" height="8" xoffset="0" yoffset="0" xadvance="2" letter="|"/>
		<char id="125" x="542" y="0" width="5" height="8" xoffset="0" yoffset="0" xadvance="4" letter="}"/>
		<char id="126" x="548" y="0" width="5" height="8" xoffset="0" yoffset="0" xadvance="4" letter="~"/>
		<char id="127" x="554" y="0" width="5" height="8" xoffset="0" yoffset="0" xadvance="4" letter=""/>
	</chars>
</font>