<font>
	<info face="font8" size="8"/>
	<common lineHeight="12"/>
	<chars>
		<char id="32" x="0" y="0" width="0" height="0" xoffset="0" yoffset="0" xadvance="4" letter=" "/>
		<char id="33" x="5" y="0" width="3" height="12" xoffset="0" yoffset="0" xadvance="2" letter="!"/><char id="34" x="9" y="0" width="5" height="12" xoffset="0" yoffset="0" xadvance="4" letter="&quot;"/><char id="35" x="15" y="0" width="7" height="12" xoffset="0" yoffset="0" xadvance="6" letter="#"/><char id="36" x="23" y="0" width="7" height="12" xoffset="0" yoffset="0" xadvance="6" letter="$"/><char id="37" x="31" y="0" width="7" height="12" xoffset="0" yoffset="0" xadvance="6" letter="%"/><char id="38" x="39" y="0" width="7" height="12" xoffset="0" yoffset="0" xadvance="6" letter="&amp;"/><char id="39" x="47" y="0" width="3" height="12" xoffset="0" yoffset="0" xadvance="2" letter="'"/><char id="40" x="51" y="0" width="4" height="12" xoffset="0" yoffset="0" xadvance="3" letter="("/><char id="41" x="56" y="0" width="4" height="12" xoffset="0" yoffset="0" xadvance="3" letter=")"/><char id="42" x="61" y="0" width="7" height="12" xoffset="0" yoffset="0" xadvance="6" letter="*"/><char id="43" x="69" y="0" width="7" height="12" xoffset="0" yoffset="0" xadvance="6" letter="+"/><char id="44" x="77" y="0" width="4" height="12" xoffset="0" yoffset="0" xadvance="3" letter=","/><char id="45" x="82" y="0" width="6" height="12" xoffset="0" yoffset="0" xadvance="5" letter="-"/><char id="46" x="89" y="0" width="3" height="12" xoffset="0" yoffset="0" xadvance="2" letter="."/><char id="47" x="93" y="0" width="5" height="12" xoffset="0" yoffset="0" xadvance="4" letter="/"/><char id="48" x="99" y="0" width="7" height="12" xoffset="0" yoffset="0" xadvance="6" letter="0"/><char id="49" x="107" y="0" width="5" height="12" xoffset="0" yoffset="0" xadvance="4" letter="1"/><char id="50" x="113" y="0" width="7" height="12" xoffset="0" yoffset="0" xadvance="6" letter="2"/><char id="51" x="121" y="0" width="7" height="12" xoffset="0" yoffset="0" xadvance="6" letter="3"/><char id="52" x="129" y="0" width="7" height="12" xoffset="0" yoffset="0" xadvance="6" letter="4"/><char id="53" x="137" y="0" width="7" height="12" xoffset="0" yoffset="0" xadvance="6" letter="5"/><char id="54" x="145" y="0" width="7" height="12" xoffset="0" yoffset="0" xadvance="6" letter="6"/><char id="55" x="153" y="0" width="7" height="12" xoffset="0" yoffset="0" xadvance="6" letter="7"/><char id="56" x="161" y="0" width="7" height="12" xoffset="0" yoffset="0" xadvance="6" letter="8"/><char id="57" x="169" y="0" width="7" height="12" xoffset="0" yoffset="0" xadvance="6" letter="9"/><char id="58" x="177" y="0" width="3" height="12" xoffset="0" yoffset="0" xadvance="2" letter=":"/><char id="59" x="181" y="0" width="4" height="12" xoffset="0" yoffset="0" xadvance="3" letter=";"/><char id="60" x="186" y="0" width="6" height="12" xoffset="0" yoffset="0" xadvance="5" letter="&lt;"/><char id="61" x="193" y="0" width="6" height="12" xoffset="0" yoffset="0" xadvance="5" letter="="/><char id="62" x="200" y="0" width="6" height="12" xoffset="0" yoffset="0" xadvance="5" letter="&gt;"/><char id="63" x="207" y="0" width="7" height="12" xoffset="0" yoffset="0" xadvance="6" letter="?"/><char id="64" x="215" y="0" width="7" height="12" xoffset="0" yoffset="0" xadvance="6" letter="@"/><char id="65" x="223" y="0" width="7" height="12" xoffset="0" yoffset="0" xadvance="6" letter="A"/><char id="66" x="231" y="0" width="7" height="12" xoffset="0" yoffset="0" xadvance="6" letter="B"/><char id="67" x="239" y="0" width="7" height="12" xoffset="0" yoffset="0" xadvance="6" letter="C"/><char id="68" x="247" y="0" width="7" height="12" xoffset="0" yoffset="0" xadvance="6" letter="D"/><char id="69" x="255" y="0" width="7" height="12" xoffset="0" yoffset="0" xadvance="6" letter="E"/><char id="70" x="263" y="0" width="7" height="12" xoffset="0" yoffset="0" xadvance="6" letter="F"/><char id="71" x="271" y="0" width="7" height="12" xoffset="0" yoffset="0" xadvance="6" letter="G"/><char id="72" x="279" y="0" width="7" height="12" xoffset="0" yoffset="0" xadvance="6" letter="H"/><char id="73" x="287" y="0" width="5" height="12" xoffset="0" yoffset="0" xadvance="4" letter="I"/><char id="74" x="293" y="0" width="7" height="12" xoffset="0" yoffset="0" xadvance="6" letter="J"/><char id="75" x="301" y="0" width="7" height="12" xoffset="0" yoffset="0" xadvance="6" letter="K"/><char id="76" x="309" y="0" width="7" height="12" xoffset="0" yoffset="0" xadvance="6" letter="L"/><char id="77" x="317" y="0" width="9" height="12" xoffset="0" yoffset="0" xadvance="8" letter="M"/><char id="78" x="327" y="0" width="7" height="12" xoffset="0" yoffset="0" xadvance="6" letter="N"/><char id="79" x="335" y="0" width="7" height="12" xoffset="0" yoffset="0" xadvance="6" letter="O"/><char id="80" x="343" y="0" width="7" height="12" xoffset="0" yoffset="0" xadvance="6" letter="P"/><char id="81" x="351" y="0" width="7" height="12" xoffset="0" yoffset="0" xadvance="6" letter="Q"/><char id="82" x="359" y="0" width="7" height="12" xoffset="0" yoffset="0" xadvance="6" letter="R"/><char id="83" x="367" y="0" width="7" height="12" xoffset="0" yoffset="0" xadvance="6" letter="S"/><char id="84" x="375" y="0" width="7" height="12" xoffset="0" yoffset="0" xadvance="6" letter="T"/><char id="85" x="383" y="0" width="7" height="12" xoffset="0" yoffset="0" xadvance="6" letter="U"/><char id="86" x="391" y="0" width="7" height="12" xoffset="0" yoffset="0" xadvance="6" letter="V"/><char id="87" x="399" y="0" width="9" height="12" xoffset="0" yoffset="0" xadvance="8" letter="W"/><char id="88" x="409" y="0" width="7" height="12" xoffset="0" yoffset="0" xadvance="6" letter="X"/><char id="89" x="417" y="0" width="7" height="12" xoffset="0" yoffset="0" xadvance="6" letter="Y"/><char id="90" x="425" y="0" width="7" height="12" xoffset="0" yoffset="0" xadvance="6" letter="Z"/><char id="91" x="433" y="0" width="4" height="12" xoffset="0" yoffset="0" xadvance="3" letter="["/><char id="92" x="438" y="0" width="8" height="12" xoffset="0" yoffset="0" xadvance="7" letter="\\"/><char id="93" x="447" y="0" width="4" height="12" xoffset="0" yoffset="0" xadvance="3" letter="]"/><char id="94" x="452" y="0" width="7" height="12" xoffset="0" yoffset="0" xadvance="6" letter="^"/><char id="95" x="460" y="0" width="6" height="12" xoffset="0" yoffset="0" xadvance="5" letter="_"/><char id="96" x="467" y="0" width="4" height="12" xoffset="0" yoffset="0" xadvance="3" letter="`"/><char id="97" x="472" y="0" width="6" height="12" xoffset="0" yoffset="0" xadvance="5" letter="a"/><char id="98" x="479" y="0" width="6" height="12" xoffset="0" yoffset="0" xadvance="5" letter="b"/><char id="99" x="486" y="0" width="6" height="12" xoffset="0" yoffset="0" xadvance="5" letter="c"/><char id="100" x="493" y="0" width="6" height="12" xoffset="0" yoffset="0" xadvance="5" letter="d"/><char id="101" x="500" y="0" width="6" height="12" xoffset="0" yoffset="0" xadvance="5" letter="e"/><char id="102" x="507" y="0" width="5" height="12" xoffset="0" yoffset="0" xadvance="4" letter="f"/><char id="103" x="513" y="0" width="6" height="12" xoffset="0" yoffset="0" xadvance="5" letter="g"/><char id="104" x="520" y="0" width="6" height="12" xoffset="0" yoffset="0" xadvance="5" letter="h"/><char id="105" x="527" y="0" width="3" height="12" xoffset="0" yoffset="0" xadvance="2" letter="i"/><char id="106" x="531" y="0" width="4" height="12" xoffset="0" yoffset="0" xadvance="3" letter="j"/><char id="107" x="536" y="0" width="6" height="12" xoffset="0" yoffset="0" xadvance="5" letter="k"/><char id="108" x="543" y="0" width="4" height="12" xoffset="0" yoffset="0" xadvance="3" letter="l"/><char id="109" x="548" y="0" width="7" height="12" xoffset="0" yoffset="0" xadvance="6" letter="m"/><char id="110" x="556" y="0" width="6" height="12" xoffset="0" yoffset="0" xadvance="5" letter="n"/><char id="111" x="563" y="0" width="6" height="12" xoffset="0" yoffset="0" xadvance="5" letter="o"/><char id="112" x="570" y="0" width="6" height="12" xoffset="0" yoffset="0" xadvance="5" letter="p"/><char id="113" x="577" y="0" width="6" height="12" xoffset="0" yoffset="0" xadvance="5" letter="q"/><char id="114" x="584" y="0" width="5" height="12" xoffset="0" yoffset="0" xadvance="4" letter="r"/><char id="115" x="590" y="0" width="6" height="12" xoffset="0" yoffset="0" xadvance="5" letter="s"/><char id="116" x="597" y="0" width="5" height="12" xoffset="0" yoffset="0" xadvance="4" letter="t"/><char id="117" x="603" y="0" width="6" height="12" xoffset="0" yoffset="0" xadvance="5" letter="u"/><char id="118" x="610" y="0" width="7" height="12" xoffset="0" yoffset="0" xadvance="6" letter="v"/><char id="119" x="618" y="0" width="7" height="12" xoffset="0" yoffset="0" xadvance="6" letter="w"/><char id="120" x="626" y="0" width="7" height="12" xoffset="0" yoffset="0" xadvance="6" letter="x"/><char id="121" x="634" y="0" width="6" height="12" xoffset="0" yoffset="0" xadvance="5" letter="y"/><char id="122" x="641" y="0" width="6" height="12" xoffset="0" yoffset="0" xadvance="5" letter="z"/><char id="123" x="648" y="0" width="5" height="12" xoffset="0" yoffset="0" xadvance="4" letter="{"/><char id="124" x="654" y="0" width="3" height="12" xoffset="0" yoffset="0" xadvance="2" letter="|"/><char id="125" x="658" y="0" width="5" height="12" xoffset="0" yoffset="0" xadvance="4" letter="}"/><char id="126" x="664" y="0" width="6" height="12" xoffset="0" yoffset="0" xadvance="5" letter="~"/><char id="127" x="671" y="0" width="6" height="12" xoffset="0" yoffset="0" xadvance="5" letter=""/>
	</chars>
</font>
